{
  "穿": {
    "stroke_count": 9.0,
    "point_count": 23.0,
    "duration_ms": 4755.0,
    "confidence": 0.999790608882904,
    "samples": 1
  },
  "续": {
    "stroke_count": 11.0,
    "point_count": 29.0,
    "duration_ms": 5382.0,
    "confidence": 0.9997792840003967,
    "samples": 1
  },
  "强": {
    "stroke_count": 12.0,
    "point_count": 35.0,
    "duration_ms": 5865.0,
    "confidence": 0.9997962117195129,
    "samples": 1
  },
  "净": {
    "stroke_count": 8.0,
    "point_count": 23.0,
    "duration_ms": 4980.0,
    "confidence": 0.9998900890350342,
    "samples": 1
  },
  "护": {
    "stroke_count": 7.0,
    "point_count": 19.0,
    "duration_ms": 3805.0,
    "confidence": 0.9998939037322998,
    "samples": 1
  },
  "雷": {
    "stroke_count": 13.0,
    "point_count": 34.0,
    "duration_ms": 6426.0,
    "confidence": 0.9998680353164673,
    "samples": 1
  },
  "火": {
    "stroke_count": 4.0,
    "point_count": 15.0,
    "duration_ms": 2793.0,
    "confidence": 0.9999117851257324,
    "samples": 1
  },
  "引": {
    "stroke_count": 4.0,
    "point_count": 13.0,
    "duration_ms": 3123.0,
    "confidence": 0.9998408555984497,
    "samples": 1
  },
  "退": {
    "stroke_count": 9.0,
    "point_count": 27.0,
    "duration_ms": 5775.0,
    "confidence": 0.9998316764831543,
    "samples": 1
  },
  "封": {
    "stroke_count": 9.0,
    "point_count": 21.0,
    "duration_ms": 7288.0,
    "confidence": 0.9998550415039062,
    "samples": 1
  },
  "镇": {
    "stroke_count": 15.0,
    "point_count": 36.0,
    "duration_ms": 9385.0,
    "confidence": 0.9998311996459961,
    "samples": 1
  },
  "广": {
    "stroke_count": 3.0,
    "point_count": 11.0,
    "duration_ms": 1719.0,
    "confidence": 0.9998817443847656,
    "samples": 1
  },
  "斩": {
    "stroke_count": 8.0,
    "point_count": 23.0,
    "duration_ms": 5401.0,
    "confidence": 0.9997593760490417,
    "samples": 1
  },
  "明": {
    "stroke_count": 8.0,
    "point_count": 24.0,
    "duration_ms": 4736.0,
    "confidence": 0.9995669722557068,
    "samples": 1
  },
  "吸": {
    "stroke_count": 6.0,
    "point_count": 22.0,
    "duration_ms": 3744.0,
    "confidence": 0.9996405839920044,
    "samples": 1
  },
  "魄": {
    "stroke_count": 14.0,
    "point_count": 43.0,
    "duration_ms": 6656.0,
    "confidence": 0.9998158812522888,
    "samples": 1
  }
}